chapter_no,chapter_title,match,value_rub,unit,flag,context,payer,payee,purpose,category
I,"О том, как Паниковский нарушил конвенцию",пятьдесят рублей,50.0,рублей,certain,"Затем сын черноморского героя мягко, без нажима, перешел к делу. Он просил пятьдесят рублей. Председатель, стесненный узкими рамками местного бюджета, смог дать только восемь рублей и три талона на обед в кооперативной столовой «Бывший друг желудка».",,,,
I,"О том, как Паниковский нарушил конвенцию",восемь рублей,8.0,рублей,certain,"Он просил пятьдесят рублей. Председатель, стесненный узкими рамками местного бюджета, смог дать только восемь рублей и три талона на обед в кооперативной столовой «Бывший друг желудка». Сын героя уложил деньги и талоны в глубокий карман поношенного серого в яблоках пиджака и уже собрался было подняться с розового пуфика, когда за дверью кабинета послышался топот и заградительный возглас секретаря.",,,,
I,"О том, как Паниковский нарушил конвенцию",три,3.0,,loose,"Он просил пятьдесят рублей. Председатель, стесненный узкими рамками местного бюджета, смог дать только восемь рублей и три талона на обед в кооперативной столовой «Бывший друг желудка». Сын героя уложил деньги и талоны в глубокий карман поношенного серого в яблоках пиджака и уже собрался было подняться с розового пуфика, когда за дверью кабинета послышался топот и заградительный возглас секретаря.",,,,
II,Тридцать сыновей лейтенанта Шмидта,восемь рублей,8.0,рублей,certain,"— Ну, ну, не буду вас мучить. Председатель осыпал меня золотым дождем на сумму в восемь рублей. Но имейте в виду, уважаемый Шура, даром я вас питать не намерен.",,,,
II,Тридцать сыновей лейтенанта Шмидта,три рубля,3.0,рубля,certain,Ниже помещались условия прогулок на веселой машине. В час — три рубля. За конец — по соглашению.,,,,
II,Тридцать сыновей лейтенанта Шмидта,Пять тысяч,5000.0,,loose,"Скажите, какая сумма вам нравится? — Пять тысяч, — быстро ответил Балаганов. — В месяц?",,,,
II,Тридцать сыновей лейтенанта Шмидта,пятьсот тысяч,500000.0,,loose,"— Тогда мне с вами не по пути. Мне нужно пятьсот тысяч. И по возможности сразу, а не частями.",,,,
II,Тридцать сыновей лейтенанта Шмидта,пятьсот тысяч,500000.0,,loose,"и сразу? — Вообще-то мне нужно больше, — сказал Остап, — пятьсот тысяч — это мой минимум, пятьсот тысяч полновесных ориентировочных рублей. Я хочу уехать, товарищ Шура, уехать очень далеко, в Рио-де-Жанейро.",,,,
II,Тридцать сыновей лейтенанта Шмидта,пятьсот тысяч,500000.0,,loose,"и сразу? — Вообще-то мне нужно больше, — сказал Остап, — пятьсот тысяч — это мой минимум, пятьсот тысяч полновесных ориентировочных рублей. Я хочу уехать, товарищ Шура, уехать очень далеко, в Рио-де-Жанейро.",,,,
II,Тридцать сыновей лейтенанта Шмидта,1360,1360.0,,loose,— Это вырезка из «Малой советской энциклопедии». Вот что тут написано про Рио-де-Жанейро: «1360 тысяч жителей…» так…,,,,
II,Тридцать сыновей лейтенанта Шмидта,тысяч,1000.0,,loose,— Это вырезка из «Малой советской энциклопедии». Вот что тут написано про Рио-де-Жанейро: «1360 тысяч жителей…» так…,,,,
II,Тридцать сыновей лейтенанта Шмидта,Полтора миллиона,1500000.0,,loose,"Вы сами видите, что происходит. Полтора миллиона человек, и все поголовно в белых штанах. Я хочу отсюда уехать.",,,,
II,Тридцать сыновей лейтенанта Шмидта,пятьсот тысяч,500000.0,,loose,"Теперь вам ясно, для чего мне нужно столько денег? — Где же вы возьмете пятьсот тысяч? — тихо спросил Балаганов.",,,,
II,Тридцать сыновей лейтенанта Шмидта,Пятьсот тысяч,500000.0,,loose,— Балаганов доверчиво усмехнулся. — Пятьсот тысяч на блюдечке с голубой каемкой. Он поднялся и стал кружиться вокруг столика.,,,,
II,Тридцать сыновей лейтенанта Шмидта,пятьсот тысяч,500000.0,,loose,"Вы это бросьте, Бендер. На пятьсот тысяч можно и у нас хорошо прожить. — Бесспорно, бесспорно, — весело сказал Остап, — прожить можно.",,,,
II,Тридцать сыновей лейтенанта Шмидта,пятисот тысяч,500000.0,,loose,"Но вы не трещите крыльями без повода. У вас же пятисот тысяч нет. На безмятежном, невспаханном лбу Балаганова обозначилась глубокая морщина.",,,,
II,Тридцать сыновей лейтенанта Шмидта,тысячами,1000.0,,loose,Черноморск! Там даже в довоенное время человек с десятью тысячами назывался миллионером. А теперь…,,,,
III,Бензин ваш — идеи наши,сто девяносто рублей,190.0,рублей,certain,"После двух лет работы в одном из московских гаражей он купил по случаю такой старый автомобиль, что появление его на рынке можно было объяснить только ликвидацией автомобильного музея. Редкий экспонат был продан Козлевичу за сто девяносто рублей. Автомобиль почему-то продавался вместе с искусственной пальмой в зеленой кадке.",,,,
III,Бензин ваш — идеи наши,Пять рублей,5.0,рублей,certain,"— Всем, — ответил Козлевич, удивляясь робости арбатовских граждан. — Пять рублей в час. Мужчины зашептались.",,,,
III,Бензин ваш — идеи наши,двадцати пяти,25.0,,loose,А удобно ли? По рублю двадцати пяти на человека не дорого. Чего ж неудобного?..»,,,,
III,Бензин ваш — идеи наши,сорок,40.0,,loose,"Полки, прилавки, ящики и кадушки — все было оголено. Только посреди магазина на полу стояли вытянувшиеся к потолку гигантские охотничьи сапоги сорок девятый номер, на желтой картонной подошве, и смутно мерцала в стеклянной будке автоматическая касса «Националь», никелированный дамский бюст которой был усеян разноцветными кнопками. А к Козлевичу на квартиру прислали повестку от народного следователя: шофер вызывался свидетелем по делу кооператива «Линеец».",,,,
III,Бензин ваш — идеи наши,пяти рублей,5.0,рублей,certain,"На дверце автомобиля он вывел белую и, на его взгляд, весьма заманчивую надпись: «Эх, прокачу!» — и снизил цену с пяти рублей в час до трех. Но граждане и тут не переменили тактики.",,,,
III,Бензин ваш — идеи наши,трех,3.0,,loose,"На дверце автомобиля он вывел белую и, на его взгляд, весьма заманчивую надпись: «Эх, прокачу!» — и снизил цену с пяти рублей в час до трех. Но граждане и тут не переменили тактики.",,,,
IV,Обыкновенный чемоданишко,шести,6.0,,loose,"Багажный смотритель с неестественной строгостью, принятой только на железных дорогах, взглянул на квитанцию и тут же выкинул предъявителю его чемодан. Предъявитель в свою очередь расстегнул кожаный кошелечек, со вздохом вынул оттуда десятикопеечную монету и положил ее на багажный прилавок, сделанный из шести старых, отполированных локтями рельсов. Очутившись на вокзальной площади, человек в сандалиях поставил чемодан на мостовую, заботливо оглядел со всех сторон и даже потрогал рукою его белый портфельный замочек.",,,,
IV,Обыкновенный чемоданишко,сорок шесть рублей,46.0,рублей,certain,"Первым подписывается. А весь оклад-то — сорок шесть рублей. Хотел бы я знать, как он существует на эти деньги…",,,,
IV,Обыкновенный чемоданишко,Триста пятьдесят три тысячи шестьсот двадцать восемь,353628.0,,loose,"— Слушайте, Александр Иванович, — спрашивал сосед, — сколько будет восемьсот тридцать шесть на четыреста двадцать три? — Триста пятьдесят три тысячи шестьсот двадцать восемь, — отвечал Корейко, помедлив самую малость. И сосед не проверял результата умножения, ибо знал, что туповатый Корейко никогда не ошибается.",,,,
IV,Обыкновенный чемоданишко,сорока шести рублях,46.0,рублях,certain,"— Другой бы на его месте карьеру сделал, — говорили и Сахарков, и Дрейфус, и Тезоименицкий, и Музыкант, и Чеважевская, и Борисохлебский, и Лапидус-младший, и старый дурак Кукушкинд, и даже бежавший в сумасшедший дом бухгалтер Берлага, — а этот — шляпа! Всю жизнь будет сидеть на своих сорока шести рублях. И, конечно, сослуживцы Александра Ивановича, да и сам начальник финсчета товарищ Арников, и не только он, но даже Серна Михайловна, личная секретарша начальника всего «Геркулеса» товарища Полыхаева, — ну, словом, все были бы чрезвычайно удивлены, если б узнали, что Александр Иванович Корейко, смиреннейший из конторщиков, еще только час назад перетаскивал зачем-то с одного вокзала на другой чемодан, в котором лежали не брюки «Столетье Одессы», не бледная курица и не какие-нибудь «Задачи комсомола в деревне», а десять миллионов рублей в иностранной валюте и советских денежных знаках.",,,,
IV,Обыкновенный чемоданишко,одного,1.0,,loose,"Всю жизнь будет сидеть на своих сорока шести рублях. И, конечно, сослуживцы Александра Ивановича, да и сам начальник финсчета товарищ Арников, и не только он, но даже Серна Михайловна, личная секретарша начальника всего «Геркулеса» товарища Полыхаева, — ну, словом, все были бы чрезвычайно удивлены, если б узнали, что Александр Иванович Корейко, смиреннейший из конторщиков, еще только час назад перетаскивал зачем-то с одного вокзала на другой чемодан, в котором лежали не брюки «Столетье Одессы», не бледная курица и не какие-нибудь «Задачи комсомола в деревне», а десять миллионов рублей в иностранной валюте и советских денежных знаках. В 1915 году мещанин Саша Корейко был двадцатилетним бездельником из числа тех, которых по справедливости называют гимназистами в отставке.",,,,
IV,Обыкновенный чемоданишко,десять миллионов рублей,10000000.0,рублей,certain,"Всю жизнь будет сидеть на своих сорока шести рублях. И, конечно, сослуживцы Александра Ивановича, да и сам начальник финсчета товарищ Арников, и не только он, но даже Серна Михайловна, личная секретарша начальника всего «Геркулеса» товарища Полыхаева, — ну, словом, все были бы чрезвычайно удивлены, если б узнали, что Александр Иванович Корейко, смиреннейший из конторщиков, еще только час назад перетаскивал зачем-то с одного вокзала на другой чемодан, в котором лежали не брюки «Столетье Одессы», не бледная курица и не какие-нибудь «Задачи комсомола в деревне», а десять миллионов рублей в иностранной валюте и советских денежных знаках. В 1915 году мещанин Саша Корейко был двадцатилетним бездельником из числа тех, которых по справедливости называют гимназистами в отставке.",,,,
IV,Обыкновенный чемоданишко,две тысячи пятьсот рублей,2500.0,рублей,certain,"В то время Саша Корейко представлял себе будущее таким образом: он идет по улице — и вдруг у водосточного желоба, осыпанного цинковыми звездами, под самой стенкой находит вишневый, скрипящий, как седло, кожаный бумажник. В бумажнике очень много денег, две тысячи пятьсот рублей… А дальше все будет чрезвычайно хорошо.",,,,
IV,Обыкновенный чемоданишко,десять,10.0,,loose,"Все же силы стихийные стали злее и опаснее: зимы были холодней, чем прежде, ветер был сильнее, и простуда, которая раньше укладывала человека в постель на три дня, теперь в те же три дня убивала его. И молодые люди без определенных занятий кучками бродили по улицам, бесшабашно распевая песенку о деньгах, потерявших свою цену: Залетаю я в буфет, Ни копейки денег нет, Разменяйте десять миллио-нов… Александр Иванович с беспокойством видел, как деньги, которые он наживал с великими ухищрениями, превращаются в ничто.",,,,
IV,Обыкновенный чемоданишко,тысячами,1000.0,,loose,"Александр Иванович с беспокойством видел, как деньги, которые он наживал с великими ухищрениями, превращаются в ничто. Тиф валил людей тысячами. Саша торговал краденными из склада медикаментами.",,,,
IV,Обыкновенный чемоданишко,пятьсот миллионов,500000000.0,,loose,"Саша торговал краденными из склада медикаментами. Он заработал на тифе пятьсот миллионов, но денежный курс за месяц превратил их в пять миллионов. На сахаре он заработал миллиард.",,,,
IV,Обыкновенный чемоданишко,пять миллионов,5000000.0,,loose,"Саша торговал краденными из склада медикаментами. Он заработал на тифе пятьсот миллионов, но денежный курс за месяц превратил их в пять миллионов. На сахаре он заработал миллиард.",,,,
IV,Обыкновенный чемоданишко,миллиард,1000000000.0,,loose,"Он заработал на тифе пятьсот миллионов, но денежный курс за месяц превратил их в пять миллионов. На сахаре он заработал миллиард. Курс превратил эти деньги в порошок.",,,,
V,Подземное царство,три тысячи,3000.0,,loose,"Что же касается артели «Реванш», то все операции ее были занесены в банковские и трестовские книги на «Счет прибылей и убытков», и именно в тот раздел этого счета, который ни словом не упоминает о прибылях, а целиком посвящен убыткам. В тот самый день, когда комиссия вела многозначительную беседу с мальчиком в конторе «Реванша», Александр Иванович Корейко высадился из спального вагона прямого сообщения в небольшой виноградной республике, отстоявшей от Москвы на три тысячи километров. Он растворил окно в номере гостиницы и увидел городок в оазисе, с бамбуковым водопроводом, с дрянной глиняной крепостью, городок, отгороженный от песков тополями и полный азиатского шума.",,,,
V,Подземное царство,тысяч,1000.0,,loose,"Все кризисы, которые трясли молодое хозяйство, шли ему на пользу, все, на чем государство теряло, приносило ему доход. Он прорывался в каждую товарную брешь и уносил оттуда свою сотню тысяч. Он торговал хлебопродуктами, сукнами, сахаром, текстилем — всем.",,,,
V,Подземное царство,один,1.0,,loose,"Он торговал хлебопродуктами, сукнами, сахаром, текстилем — всем. И он был один, совершенно один со своими миллионами. В разных концах страны на него работали большие и малые пройдохи, но они не знали, на кого работают.",,,,
V,Подземное царство,один,1.0,,loose,"Он торговал хлебопродуктами, сукнами, сахаром, текстилем — всем. И он был один, совершенно один со своими миллионами. В разных концах страны на него работали большие и малые пройдохи, но они не знали, на кого работают.",,,,
V,Подземное царство,миллионами,1000000.0,,loose,"Он торговал хлебопродуктами, сукнами, сахаром, текстилем — всем. И он был один, совершенно один со своими миллионами. В разных концах страны на него работали большие и малые пройдохи, но они не знали, на кого работают.",,,,
V,Подземное царство,десяти миллионов,10000000.0,,loose,"Чай возбуждает излишнюю деятельность сердца, а Корейко дорожил своим здоровьем. Обладатель десяти миллионов походил на боксера, расчетливо подготовляющего свой триумф. Он подчиняется специальному режиму, не пьет и не курит, старается избегать волнений, тренируется и рано ложится спать — все для того, чтобы в назначенный день выскочить на сияющий ринг счастливым победителем.",,,,
VI,«Антилопа-Гну»,794,794.0,,loose,"— О карманных деньгах не надо думать, — сказал Остап, — они валяются на дороге, и мы их будем подбирать по мере надобности. Между древним Удоевым, основанным в 794 году, и Черноморском, основанным в 1794 году, лежали тысяча лет и тысяча километров грунтовой и шоссейной дороги. За эту тысячу лет на магистрали Удоев — Черное море появлялись различные фигуры.",,,,
VI,«Антилопа-Гну»,тысяча,1000.0,,loose,"— О карманных деньгах не надо думать, — сказал Остап, — они валяются на дороге, и мы их будем подбирать по мере надобности. Между древним Удоевым, основанным в 794 году, и Черноморском, основанным в 1794 году, лежали тысяча лет и тысяча километров грунтовой и шоссейной дороги. За эту тысячу лет на магистрали Удоев — Черное море появлялись различные фигуры.",,,,
VI,«Антилопа-Гну»,тысяча,1000.0,,loose,"— О карманных деньгах не надо думать, — сказал Остап, — они валяются на дороге, и мы их будем подбирать по мере надобности. Между древним Удоевым, основанным в 794 году, и Черноморском, основанным в 1794 году, лежали тысяча лет и тысяча километров грунтовой и шоссейной дороги. За эту тысячу лет на магистрали Удоев — Черное море появлялись различные фигуры.",,,,
VI,«Антилопа-Гну»,тысячу,1000.0,,loose,"Между древним Удоевым, основанным в 794 году, и Черноморском, основанным в 1794 году, лежали тысяча лет и тысяча километров грунтовой и шоссейной дороги. За эту тысячу лет на магистрали Удоев — Черное море появлялись различные фигуры. Двигались по ней разъездные приказчики с товарами византийских торговых фирм.",,,,
VII,Сладкое бремя славы,ста тридцати,130.0,,loose,"Соотечественник раздраженно заговорил о лопнувшей шине, но его бормотание пролетело мимо ушей Остапа. На большой дороге, в ста тридцати километрах от ближайшего окружного центра, в самой середине Европейской России прогуливались у своего автомобиля два толстеньких заграничных цыпленка. Это взволновало великого комбинатора.",,,,
VII,Сладкое бремя славы,два,2.0,,loose,"Соотечественник раздраженно заговорил о лопнувшей шине, но его бормотание пролетело мимо ушей Остапа. На большой дороге, в ста тридцати километрах от ближайшего окружного центра, в самой середине Европейской России прогуливались у своего автомобиля два толстеньких заграничных цыпленка. Это взволновало великого комбинатора.",,,,
VII,Сладкое бремя славы,двести рублей,200.0,рублей,certain,"В устах разомлевших туристов грубое слово «первач» звучало нежно и заманчиво. Американцы легко отдали двести рублей и долго трясли руку Бендера. Паниковскому и Балаганову тоже удалось попрощаться за руку с гражданами заатлантической республики, измученными «сухим законом».",,,,
VII,Сладкое бремя славы,Двести рублей,200.0,рублей,certain,"Но опрятность, честность — вот что дорого. Двести рублей. В пять минут.",,,,
VIII,Кризис жанра,двести пятьдесят,250.0,,loose,"Феофан приостановил сев, критически посмотрел на свое произведение и задумчиво ответил: — Что ж! Рублей двести пятьдесят музей за нее даст. — Однако дорого.",,,,
VIII,Кризис жанра,сто,100.0,,loose,"— Посевкампания, я вижу, проходит удачно. На сто процентов! Но все это чепуха по сравнению с тем, что я видел в Москве.",,,,
VIII,Кризис жанра,тысячи полторы,1001.5,,loose,"А в один прекрасный день она совершенно поседела, и от деда Пахома с его трактором не осталось и следа. Но художник успел отхватить за выдумку тысячи полторы. Так что вы не очень обольщайтесь, товарищ Мухин!",,,,
IX,Снова кризис жанра,один,1.0,,loose,"А некоторые ничего не отвечали, косили на Побирухина огненным глазом и проносились мимо, тряся портфелями. В конце концов из всех нахлебников остался один, да и тот не платил уже неделю, ссылаясь на задержку жалованья. Недовольно задвигав плечами, Зося отправилась в кухню, а когда вернулась, за обеденным столом сидел последний столовник — Александр Иванович Корейко.",,,,
IX,Снова кризис жанра,шестьдесят копеек,0.6,копеек,certain,"Но с некоторых пор цена и вкус обедов потеряли для него то отвлеченное и показательное значение, которое он им придавал. Если бы от него потребовали и он мог сделать это не таясь, то платил бы за обед не шестьдесят копеек, как он это делал теперь, а три или даже пять тысяч рублей. Александр Иванович, подвижник, сознательно изнурявший себя финансовыми веригами, запретивший себе прикасаться ко всему, что стоит дороже полтинника, и в то же время раздраженный тем, что из боязни потерять миллионы он не может открыто истратить ста рублей, влюбился со всей решительностью, на которую способен человек сильный, суровый и озлобленный бесконечным ожиданием.",,,,
IX,Снова кризис жанра,три,3.0,,loose,"Но с некоторых пор цена и вкус обедов потеряли для него то отвлеченное и показательное значение, которое он им придавал. Если бы от него потребовали и он мог сделать это не таясь, то платил бы за обед не шестьдесят копеек, как он это делал теперь, а три или даже пять тысяч рублей. Александр Иванович, подвижник, сознательно изнурявший себя финансовыми веригами, запретивший себе прикасаться ко всему, что стоит дороже полтинника, и в то же время раздраженный тем, что из боязни потерять миллионы он не может открыто истратить ста рублей, влюбился со всей решительностью, на которую способен человек сильный, суровый и озлобленный бесконечным ожиданием.",,,,
IX,Снова кризис жанра,пять тысяч рублей,5000.0,рублей,certain,"Но с некоторых пор цена и вкус обедов потеряли для него то отвлеченное и показательное значение, которое он им придавал. Если бы от него потребовали и он мог сделать это не таясь, то платил бы за обед не шестьдесят копеек, как он это делал теперь, а три или даже пять тысяч рублей. Александр Иванович, подвижник, сознательно изнурявший себя финансовыми веригами, запретивший себе прикасаться ко всему, что стоит дороже полтинника, и в то же время раздраженный тем, что из боязни потерять миллионы он не может открыто истратить ста рублей, влюбился со всей решительностью, на которую способен человек сильный, суровый и озлобленный бесконечным ожиданием.",,,,
IX,Снова кризис жанра,миллионы,1000000.0,,loose,"Если бы от него потребовали и он мог сделать это не таясь, то платил бы за обед не шестьдесят копеек, как он это делал теперь, а три или даже пять тысяч рублей. Александр Иванович, подвижник, сознательно изнурявший себя финансовыми веригами, запретивший себе прикасаться ко всему, что стоит дороже полтинника, и в то же время раздраженный тем, что из боязни потерять миллионы он не может открыто истратить ста рублей, влюбился со всей решительностью, на которую способен человек сильный, суровый и озлобленный бесконечным ожиданием. Сегодня наконец он решил объявить Зосе о своих чувствах и предложить свою руку, где бился пульс, маленький и злой, как хорек, и свое сердце, стянутое сказочными обручами.",,,,
IX,Снова кризис жанра,ста рублей,100.0,рублей,certain,"Если бы от него потребовали и он мог сделать это не таясь, то платил бы за обед не шестьдесят копеек, как он это делал теперь, а три или даже пять тысяч рублей. Александр Иванович, подвижник, сознательно изнурявший себя финансовыми веригами, запретивший себе прикасаться ко всему, что стоит дороже полтинника, и в то же время раздраженный тем, что из боязни потерять миллионы он не может открыто истратить ста рублей, влюбился со всей решительностью, на которую способен человек сильный, суровый и озлобленный бесконечным ожиданием. Сегодня наконец он решил объявить Зосе о своих чувствах и предложить свою руку, где бился пульс, маленький и злой, как хорек, и свое сердце, стянутое сказочными обручами.",,,,
IX,Снова кризис жанра,сорок шесть рублей,46.0,рублей,certain,"У нее искания. А у него, если говорить честно и откровенно, всего лишь сорок шесть рублей в месяц. И потом она его еще не любит, что, вообще говоря, очень важно.",,,,
IX,Снова кризис жанра,сорок шесть рублей,46.0,рублей,certain,"И потом она его еще не любит, что, вообще говоря, очень важно. — Какие там сорок шесть рублей, — страшным голосом сказал вдруг Александр Иванович, подымаясь во весь рост. — У меня…",,,,
IX,Снова кризис жанра,пять,5.0,,loose,"Для Зоси Корейко был готов на все. Он решился бы даже слегка нарушить свою конспирацию, потратив рублей пять на кутеж. Сейчас в кармане у него в плоской железной коробке от папирос «Кавказ» лежало десять тысяч рублей бумажками, достоинством по двадцать пять червонцев каждая.",,,,
IX,Снова кризис жанра,десять тысяч рублей,10000.0,рублей,certain,"Он решился бы даже слегка нарушить свою конспирацию, потратив рублей пять на кутеж. Сейчас в кармане у него в плоской железной коробке от папирос «Кавказ» лежало десять тысяч рублей бумажками, достоинством по двадцать пять червонцев каждая. Но если бы даже он сошел с ума и решился бы обнаружить хотя бы одну бумажку, ее все равно ни в одном кинематографе нельзя было разменять.",,,,
IX,Снова кризис жанра,двадцать пять червонцев,250.0,червонцев,certain,"Он решился бы даже слегка нарушить свою конспирацию, потратив рублей пять на кутеж. Сейчас в кармане у него в плоской железной коробке от папирос «Кавказ» лежало десять тысяч рублей бумажками, достоинством по двадцать пять червонцев каждая. Но если бы даже он сошел с ума и решился бы обнаружить хотя бы одну бумажку, ее все равно ни в одном кинематографе нельзя было разменять.",,,,
X,Телеграмма от братьев Карамазовых,миллион,1000000.0,,loose,"Однажды, когда Корейко обычным размеренным шагом двигался на службу, возле самого «Геркулеса» его остановил нахальный нищий с золотым зубом. Наступая на волочащиеся за ним тесемки от кальсон, нищий схватил Александра Ивановича за руку и быстро забормотал: — Дай миллион, дай миллион, дай миллион! После этого нищий высунул толстый нечистый язык и понес совершенную уже чепуху.",,,,
X,Телеграмма от братьев Карамазовых,миллион,1000000.0,,loose,"Однажды, когда Корейко обычным размеренным шагом двигался на службу, возле самого «Геркулеса» его остановил нахальный нищий с золотым зубом. Наступая на волочащиеся за ним тесемки от кальсон, нищий схватил Александра Ивановича за руку и быстро забормотал: — Дай миллион, дай миллион, дай миллион! После этого нищий высунул толстый нечистый язык и понес совершенную уже чепуху.",,,,
X,Телеграмма от братьев Карамазовых,миллион,1000000.0,,loose,"Однажды, когда Корейко обычным размеренным шагом двигался на службу, возле самого «Геркулеса» его остановил нахальный нищий с золотым зубом. Наступая на волочащиеся за ним тесемки от кальсон, нищий схватил Александра Ивановича за руку и быстро забормотал: — Дай миллион, дай миллион, дай миллион! После этого нищий высунул толстый нечистый язык и понес совершенную уже чепуху.",,,,
X,Телеграмма от братьев Карамазовых,семнадцать,17.0,,loose,"Александр Иванович ничего не понял, но так взволновался, что сжег телеграмму на свечке. В семнадцать часов тридцать пять минут того же дня прибыла вторая депеша: «Заседание продолжается зпт миллион поцелуев». Александр Иванович побледнел от злости и разорвал телеграмму в клочки.",,,,
X,Телеграмма от братьев Карамазовых,тридцать пять,35.0,,loose,"Александр Иванович ничего не понял, но так взволновался, что сжег телеграмму на свечке. В семнадцать часов тридцать пять минут того же дня прибыла вторая депеша: «Заседание продолжается зпт миллион поцелуев». Александр Иванович побледнел от злости и разорвал телеграмму в клочки.",,,,
X,Телеграмма от братьев Карамазовых,миллион,1000000.0,,loose,"Александр Иванович ничего не понял, но так взволновался, что сжег телеграмму на свечке. В семнадцать часов тридцать пять минут того же дня прибыла вторая депеша: «Заседание продолжается зпт миллион поцелуев». Александр Иванович побледнел от злости и разорвал телеграмму в клочки.",,,,
X,Телеграмма от братьев Карамазовых,миллион,1000000.0,,loose,"Сами они вместе с «Антилопой» остановились на постоялом дворе и приходили в гостиницу только за получением инструкций. — Паниковский, — сказал Остап, — вам было поручено встретиться сегодня с нашим подзащитным и вторично попросить у него миллион, сопровождая эту просьбу идиотским смехом? — Как только он меня увидел, он перешел на противоположный тротуар, — самодовольно ответил Паниковский.",,,,
XI,Геркулесовцы,7384 рубля,7384.0,рубля,certain,"Справченко в заготовке древесной коры понадеялся на самотек, чем эти заготовки и провалил, и что т. Индокитайский проиграл в польский банчок 7384 рубля 03 коп. казенных денег.",,,,
XI,Геркулесовцы,03 коп.,0.03,коп.,certain,"Справченко в заготовке древесной коры понадеялся на самотек, чем эти заготовки и провалил, и что т. Индокитайский проиграл в польский банчок 7384 рубля 03 коп. казенных денег.",,,,
XI,Геркулесовцы,03 коп.,0.03,коп.,certain,"казенных денег. Как Индокитайский ни вертелся, как ни доказывал в соответствующих инстанциях, что 03 коп. он израсходовал на пользу государства и что он может представить на указанную сумму оправдательные документы, ничто ему не помогло.",,,,
XI,Геркулесовцы,три рубля,3.0,рубля,certain,"Он шагал из отдела в отдел, наклонялся над указанной в списке особой и таинственно шептал: — Маленькая вечериночка. По три рубля с души. Проводы Полыхаева.",,,,
XI,Геркулесовцы,двух,2.0,,loose,"Когда Полыхаев находил вдруг у себя на столе бумажку, касающуюся экспортных кедров или диктовых листов, он так поражался, что некоторое время даже не понимал, чего от него хотят. Сейчас он был поглощен выполнением чрезвычайно важной задачи — переманивал к себе на высший оклад двух особенно опасных коммунотдельцев. — Вам повезло, — говорил Остап своему спутнику.",,,,
XI,Геркулесовцы,шестьсот рублей,600.0,рублей,certain,"Учитесь! Мелкая уголовная сошка, вроде Паниковского, написала бы Корейко письмо: «Положите во дворе под мусорный ящик шестьсот рублей, иначе будет плохо» — и внизу пририсовала бы крест, череп и свечу. Соня Золотая Ручка, достоинств которой я отнюдь не желаю умалить, в конце концов прибегла бы к обыкновенному хипесу, что принесло бы ей тысячи полторы.",,,,
XI,Геркулесовцы,тысячи полторы,1001.5,,loose,"Мелкая уголовная сошка, вроде Паниковского, написала бы Корейко письмо: «Положите во дворе под мусорный ящик шестьсот рублей, иначе будет плохо» — и внизу пририсовала бы крест, череп и свечу. Соня Золотая Ручка, достоинств которой я отнюдь не желаю умалить, в конце концов прибегла бы к обыкновенному хипесу, что принесло бы ей тысячи полторы. Дело женское.",,,,
XI,Геркулесовцы,двенадцать рублей,12.0,рублей,certain,"А тот, белоглазый, просто ничтожество, советский мышонок. У него, конечно, есть состояние — двенадцать рублей в сберкассе. Предел его ночных грез — покупка волосатого пальто с телячьим воротником.",,,,
XII,"Гомер, Мильтон и Паниковский",пять рублей,5.0,рублей,certain,"— ответил бывший слепой. — Раньше я платил городовому на углу Крещатика и Прорезной пять рублей в месяц, и меня никто не трогал. Городовой следил даже, чтоб меня не обижали.",,,,
XII,"Гомер, Мильтон и Паниковский",тысячами,1000.0,,loose,"— Случайно выронил, — сказал он, напряженно улыбаясь и бережно пряча квитанцию. О папиросной коробке «Кавказ» с десятью тысячами, которые он не успел переложить в чемодан, вспомнилось ему только при входе в город. Покуда шла титаническая борьба на морском берегу, Остап Бендер решил, что пребывание в гостинице на виду у всего города выпирает из рамок затеянного дела и придает ему ненужную официальность.",,,,
XIII,Васисуалий Лоханкин и его роль в русской революции,Пятьдесят рублей,50.0,рублей,certain,"И недорого возьму. Пятьдесят рублей в месяц. — Торговаться я не стану, — вежливо сказал Остап, — но вот соседи…",,,,
XIV,Первое свидание,Десять тысяч,10000.0,,loose,Ого! Десять тысяч! Жалованье господина Корейко за двадцать лет беспорочной службы.,,,,
XIV,Первое свидание,двадцать,20.0,,loose,"Десять тысяч! Жалованье господина Корейко за двадцать лет беспорочной службы. Зрелище для богов, как пишут наиболее умные передовики.",,,,
XIV,Первое свидание,две,2.0,,loose,"— Я хотел честно, — сказал Балаганов, собирая деньги с кровати, — по справедливости. Всем поровну — по две с половиною тысячи. И, разложив деньги на четыре кучки, он скромно отошел в сторону, сказавши: — Вам, мне, ему и Козлевичу.",,,,
XIV,Первое свидание,тысячи,1000.0,,loose,"— Я хотел честно, — сказал Балаганов, собирая деньги с кровати, — по справедливости. Всем поровну — по две с половиною тысячи. И, разложив деньги на четыре кучки, он скромно отошел в сторону, сказавши: — Вам, мне, ему и Козлевичу.",,,,
XIV,Первое свидание,четыре,4.0,,loose,"Всем поровну — по две с половиною тысячи. И, разложив деньги на четыре кучки, он скромно отошел в сторону, сказавши: — Вам, мне, ему и Козлевичу. — Очень хорошо, — заметил Остап.",,,,
XIV,Первое свидание,четыре тысячи,4000.0,,loose,"После всех ухищрений на одеяле образовались три стопки: одна — большая, из чистых, новеньких бумажек, вторая — такая же, но из бумажек погрязнее, и третья — маленькая, совсем грязная. — Нам с вами по четыре тысячи, — сказал он Бендеру, — а Балаганову две. Он и на две не наработал.",,,,
XIV,Первое свидание,две,2.0,,loose,"После всех ухищрений на одеяле образовались три стопки: одна — большая, из чистых, новеньких бумажек, вторая — такая же, но из бумажек погрязнее, и третья — маленькая, совсем грязная. — Нам с вами по четыре тысячи, — сказал он Бендеру, — а Балаганову две. Он и на две не наработал.",,,,
XIV,Первое свидание,тысячами,1000.0,,loose,"В мои четыреста честных способов отъема денег ограбление не входит, как-то не укладывается. И потом мы прибыли сюда не за десятью тысячами. Этих тысяч мне лично нужно по крайней мере пятьсот.",,,,
XIV,Первое свидание,тысяч,1000.0,,loose,И потом мы прибыли сюда не за десятью тысячами. Этих тысяч мне лично нужно по крайней мере пятьсот. — Зачем же вы послали нас?,,,,
XIV,Первое свидание,пятьсот,500.0,,loose,И потом мы прибыли сюда не за десятью тысячами. Этих тысяч мне лично нужно по крайней мере пятьсот. — Зачем же вы послали нас?,,,,
XIV,Первое свидание,десять тысяч рублей,10000.0,рублей,certain,"Не переменяя позы и даже не повернув головы, великий комбинатор толчком каучукового кулака вернул взбесившегося нарушителя конвенции на прежнее место и продолжал: — Дело в том, Шура, что это была проверка. У служащего с сорокарублевым жалованьем оказалось в кармане десять тысяч рублей, что несколько странно и дает нам большие шансы, позволяет, как говорят марафоны и беговые жуки, надеяться на куш. Пятьсот тысяч — это безусловно куш.",,,,
XIV,Первое свидание,Пятьсот тысяч,500000.0,,loose,"У служащего с сорокарублевым жалованьем оказалось в кармане десять тысяч рублей, что несколько странно и дает нам большие шансы, позволяет, как говорят марафоны и беговые жуки, надеяться на куш. Пятьсот тысяч — это безусловно куш. И получим мы его так.",,,,
XIV,Первое свидание,десять тысяч,10000.0,,loose,"И получим мы его так. Я возвращу Корейко десять тысяч, и он их возьмет. Хотел бы я видеть человека, который не взял бы назад своих денег.",,,,
XIV,Первое свидание,десять тысяч,10000.0,,loose,"Подпольный миллионер смотрел на коробку с полнейшим равнодушием. Остап вынул деньги, тщательно пересчитал их и, пододвинув пачку к Александру Ивановичу, сказал: — Ровно десять тысяч. Потрудитесь написать расписку в получении.",,,,
XIV,Первое свидание,десять тысяч,10000.0,,loose,"— Вы ошиблись, товарищ, — сказал Корейко очень тихо. — Какие десять тысяч? Какая расписка?",,,,
XIV,Первое свидание,десять тысяч,10000.0,,loose,— Вчера у моря. И забрали десять тысяч. Грабители арестованы.,,,,
XIV,Первое свидание,десять тысяч,10000.0,,loose,"— Никто меня не грабил. — И десять тысяч у вас не брали? — Конечно, не брали.",,,,
XIV,Первое свидание,десяти тысяч,10000.0,,loose,"Деньги у подзащитного есть. И, судя по тому, что он не моргнув отказался от десяти тысяч, — деньги огромные. Итак, в виду недоговоренности сторон, заседание продолжается».",,,,
XV,Рога и копыта,двадцать рублей,20.0,рублей,certain,"Может быть, именно в этом великая сермяжная правда». И Лоханкин сразу успокоился, выпросив у Остапа двадцать рублей. Паниковский и Балаганов отлично ужились в «Вороньей слободке», и их голоса уверенно звучали в общем квартирном хоре.",,,,
XV,Рога и копыта,девяносто два рубля,92.0,рубля,certain,"Паниковский снова бунтовал и требовал дележа, в наказание за что был назначен на низкооплачиваемую и унизительную для его свободолюбивой натуры должность курьера. Балаганову достался ответственный пост уполномоченного по копытам с окладом в девяносто два рубля. На базаре была куплена старая пишущая машинка «Адлер», в которой не хватало буквы «е», и ее пришлось заменять буквой «э».",,,,
XV,Рога и копыта,150 рублэй,150.0,рублэй,certain,"Поэтому первое же отношение, отправленное Остапом в магазин канцелярских принадлежностей, звучало так: | | |---| |_**Отпуститэ податэлю сэго курьэру т. Паниковскому для Чэрноморского отдэлэния на 150 рублэй (сто пятьдэсят) канцпринадлэжностэй в крэдит за счэт Правлэния в городэ Арбатовэ.**_<br><br>_**ПРИЛОЖЭНИЭ. Бэз приложэний.**_| — Вот послал бог дурака уполномоченного по копытам!",,,,
XV,Рога и копыта,сто,100.0,,loose,"Поэтому первое же отношение, отправленное Остапом в магазин канцелярских принадлежностей, звучало так: | | |---| |_**Отпуститэ податэлю сэго курьэру т. Паниковскому для Чэрноморского отдэлэния на 150 рублэй (сто пятьдэсят) канцпринадлэжностэй в крэдит за счэт Правлэния в городэ Арбатовэ.**_<br><br>_**ПРИЛОЖЭНИЭ. Бэз приложэний.**_| — Вот послал бог дурака уполномоченного по копытам!",,,,
XV,Рога и копыта,пятнадцать рублей,15.0,рублей,certain,"Кондиционный товар пришлось купить. Мужик долго потом пил чай с Паниковским и рассказывал о деревенской жизни, вызывая в Остапе естественное раздражение человека, зря потерявшего пятнадцать рублей. — Если Паниковский пустит еще одного рогоносца, — сказал Остап, дождавшись ухода посетителя, — не служить больше Паниковскому.",,,,
XV,Рога и копыта,восемьдесят рублей,80.0,рублей,certain,"За четыре года я провел на свободе не больше трех месяцев. Я выдал замуж внучку, Голконду Евсеевну, и дал за ней концертное фортепьяно, серебряную птичку и восемьдесят рублей золотыми десятками. А теперь я хожу и не узнаю нашего Черноморска.",,,,
XV,Рога и копыта,одну,1.0,,loose,"После всех этих ухищрений ему удалось узнать, что, по мнению Фунта, за всеми лопнувшими обществами и товариществами, несомненно, скрывалось какое-то одно лицо. Что же касается «Геркулеса», то у него выдоили не одну сотню тысяч. — Во всяком случае, — добавил ветхий зицпредседатель, — во всяком случае этот неизвестный человек — голова.",,,,
XV,Рога и копыта,тысяч,1000.0,,loose,"После всех этих ухищрений ему удалось узнать, что, по мнению Фунта, за всеми лопнувшими обществами и товариществами, несомненно, скрывалось какое-то одно лицо. Что же касается «Геркулеса», то у него выдоили не одну сотню тысяч. — Во всяком случае, — добавил ветхий зицпредседатель, — во всяком случае этот неизвестный человек — голова.",,,,
XV,Рога и копыта,сто двадцать рублей,120.0,рублей,certain,"— Я вижу, что вашей конторе нужен председатель. Я беру недорого: сто двадцать рублей в месяц на свободе и двести сорок — в тюрьме. Сто процентов прибавки на вредность.",,,,
XV,Рога и копыта,двести сорок,240.0,,loose,"— Я вижу, что вашей конторе нужен председатель. Я беру недорого: сто двадцать рублей в месяц на свободе и двести сорок — в тюрьме. Сто процентов прибавки на вредность.",,,,
XV,Рога и копыта,Сто,100.0,,loose,"Я беру недорого: сто двадцать рублей в месяц на свободе и двести сорок — в тюрьме. Сто процентов прибавки на вредность. — Пожалуй, возьмем, — сказал Остап.",,,,
XVI,Ярбух фюр психоаналитик,сорока трех тысяч,43000.0,,loose,"Появление Михаила Александровича в сумасшедшем доме объяснялось делами довольно простыми, житейскими. Он был крупный нэпман, невзначай не доплативший сорока трех тысяч подоходного налога. Это грозило вынужденной поездкой на север, а дела настойчиво требовали присутствия Михаила Александровича в Черноморске.",,,,
XVII,Блудный сын возвращается домой,одного,1.0,,loose,"В равной степени он отрицательно относился к раввинам, далайламам, попам, муэдзинам, шаманам и прочим служителям культа. — Я сам склонен к обману и шантажу, — говорил он, — сейчас, например, я занимаюсь выманиванием крупной суммы у одного упрямого гражданина. Но я не сопровождаю своих сомнительных действий ни песнопениями, ни ревом органа, ни глупыми заклинаниями на латинском или церковнославянском языке.",,,,
XVII,Блудный сын возвращается домой,тысяч,1000.0,,loose,"И все было в порядке. Я даже накормил пятью хлебами несколько тысяч верующих. Накормить-то я их накормил, но какая была давка!",,,,
XVII,Блудный сын возвращается домой,шестьсот рублей,600.0,рублей,certain,"Великий комбинатор послал их в командировку в калмыцкие степи для организации заготовительных пунктов. Это обошлось конторе в шестьсот рублей, но другого выхода не было: студенты помешали бы закончить удачно подвигавшееся дело. Когда Паниковский узнал, в какую сумму обошлись студенты, он отвел Балаганова в сторону и раздражительно прошептал: — А меня не посылают в командировку.",,,,
XX,Командор танцует танго,двух,2.0,,loose,"А конторщица! Теперь еще каких-то двух прислали, я видел — они сегодня жалованье по ведомости получали. Бронеподростки!",,,,
XX,Командор танцует танго,шестьдесят пять рублей,65.0,рублей,certain,"Плевал я на легальность, если она стоит таких денег. А оленьи рога за шестьдесят пять рублей! А чернильница!",,,,
XX,Командор танцует танго,десять тысяч,10000.0,,loose,"Этот невский франт не может ездить во втором! Вот куда уходят наши десять тысяч! Он разговаривает по междугородному телефону, рассылает по всему свету телеграммы-молнии.",,,,
XX,Командор танцует танго,Сорок копеек,0.4,копеек,certain,"Вы знаете, сколько стоит молния? Сорок копеек слово. А я принужден отказывать себе в кефире, который нужен мне для здоровья.",,,,
XX,Командор танцует танго,три рубля,3.0,рубля,certain,"Он чувствует в руках счастливую талию. И уже марафоны столпились позади счастливца, дергают его за плечи и подхалимски шепчут: «Дядя Юра, дайте три рубля». А он, бледный и гордый, дерзко переворачивает карты и под крики: «Освобождаются места за девятым столом!»",,,,
XX,Командор танцует танго,Одна,1.0,,loose,"Где же мои друзья, мои жены, мои дети? Одна надежда, что уважаемый Александр Иванович оценит мой великий труд и выдаст мне на бедность тысяч пятьсот. Хотя нет!",,,,
XX,Командор танцует танго,тысяч пятьсот,1500.0,,loose,"Где же мои друзья, мои жены, мои дети? Одна надежда, что уважаемый Александр Иванович оценит мой великий труд и выдаст мне на бедность тысяч пятьсот. Хотя нет!",,,,
XX,Командор танцует танго,миллиона,1000000.0,,loose,"Хотя нет! Теперь я меньше миллиона не возьму, иначе добрые мулаты просто не станут меня уважать. Остап вышел из-за стола, взял свою замечательную папку и задумчиво принялся расхаживать по пустой конторе, огибая машинку с турецким акцентом, железнодорожный компостер и почти касаясь головой оленьих рогов.",,,,
XXI,Конец «Вороньей слободки»,одна,1.0,,loose,"— Ей что? А у меня одна рояль, может быть, две тысячи стоит. Придя к такому заключению, Митрич застраховал от огня все свое движимое имущество.",,,,
XXI,Конец «Вороньей слободки»,две тысячи,2000.0,,loose,"— Ей что? А у меня одна рояль, может быть, две тысячи стоит. Придя к такому заключению, Митрич застраховал от огня все свое движимое имущество.",,,,
XXII,Командовать парадом буду я,двадцать три рубля,23.0,рубля,certain,Могут уволить без выходного пособия. Все-таки двухнедельный оклад — двадцать три рубля! При вашей экономии можно прожить полгода.,,,,
XXII,Командовать парадом буду я,миллионы,1000000.0,,loose,"— Но эта экономия вас погубит. Вам, конечно, небезопасно показать свои миллионы. Однако вы чересчур стараетесь.",,,,
XXII,Командовать парадом буду я,один миллион рублей,1000000.0,рублей,certain,"И я добиваюсь любви. Я хочу, чтобы вы, гражданин Корейко, меня полюбили и в знак своего расположения выдали мне один миллион рублей. — Вон!",,,,
XXII,Командовать парадом буду я,Тысячу,1000.0,,loose,"Враги подошли близко к настольной лампочке, и на стену легли их исполинские тени. — Тысячу раз я вам повторял, — произнес Корейко, сдерживаясь, — что никаких миллионов у меня нет и не было. Поняли?",,,,
XXII,Командовать парадом буду я,миллионов,1000000.0,,loose,"Враги подошли близко к настольной лампочке, и на стену легли их исполинские тени. — Тысячу раз я вам повторял, — произнес Корейко, сдерживаясь, — что никаких миллионов у меня нет и не было. Поняли?",,,,
XXII,Командовать парадом буду я,миллион рублей,1000000.0,рублей,certain,"Вот пачка весом в три-четыре кило. Она продается и стоит миллион рублей, тот самый миллион, который вы из жадности не хотите мне подарить. Купите!",,,,
XXII,Командовать парадом буду я,миллион,1000000.0,,loose,"Вот пачка весом в три-четыре кило. Она продается и стоит миллион рублей, тот самый миллион, который вы из жадности не хотите мне подарить. Купите!",,,,
XXII,Командовать парадом буду я,триста тысяч,300000.0,,loose,— Цена невысокая. За кило замечательнейших сведений из области подземной коммерции беру всего по триста тысяч. — Какие там еще сведения?,,,,
XXII,Командовать парадом буду я,миллионов семь-восемь,1000015.0,,loose,"Итак, еще раз. У вас, по моим сведениям, миллионов семь-восемь. Папка продается за миллион.",,,,
XXII,Командовать парадом буду я,миллион,1000000.0,,loose,"У вас, по моим сведениям, миллионов семь-восемь. Папка продается за миллион. Если вы ее не купите, я сейчас же отнесу ее в другое место.",,,,
XXII,Командовать парадом буду я,тысяча девятьсот двадцать,1920.0,,loose,"Остап говорил в скверной манере дореволюционного присяжного поверенного, который, ухватившись за какое-нибудь словечко, уже не выпускает его из зубов и тащит за собой в течение всех десяти дней большого процесса. — Не лишено также любопытства появление моего подзащитного в Москве в тысяча девятьсот двадцать втором году… Лицо Александра Ивановича сохраняло нейтральность, но его руки бесцельно шарили по столу, как у слепого.",,,,
XXII,Командовать парадом буду я,Двадцать рублей,20.0,рублей,certain,"Какой доход могут принести человеку две обыкновенные бочки, наполненные водопроводной водой? Двадцать рублей? Три рубля?",,,,
XXII,Командовать парадом буду я,Три рубля,3.0,рубля,certain,Двадцать рублей? Три рубля? Восемь копеек?,,,,
XXII,Командовать парадом буду я,Восемь копеек,0.08,копеек,certain,"Три рубля? Восемь копеек? Нет, господа присяжные заседатели!",,,,
XXII,Командовать парадом буду я,четыреста тысяч рублей,400000.0,рублей,certain,"Нет, господа присяжные заседатели! Александру Ивановичу они принесли четыреста тысяч золотых рублей ноль ноль копеек. Правда, бочки эти носили выразительное название: «Промысловая артель химических продуктов «Реванш».",,,,
XXII,Командовать парадом буду я,ноль ноль копеек,0.0,копеек,certain,"Нет, господа присяжные заседатели! Александру Ивановичу они принесли четыреста тысяч золотых рублей ноль ноль копеек. Правда, бочки эти носили выразительное название: «Промысловая артель химических продуктов «Реванш».",,,,
XXII,Командовать парадом буду я,Миллион,1000000.0,,loose,"Папка хорошая, слов нет, купить можно, но, подсчитывая мои доходы, вы совершенно упустили из виду расходы и прямые убытки. Миллион — это несуразная цифра. — До свиданья, — холодно молвил Остап, — и, пожалуйста, побудьте дома полчаса.",,,,
XXII,Командовать парадом буду я,миллиона рублей,1000000.0,рублей,certain,"После разговоров с Берлагой, Скумбриевичем и Полыхаевым я потерял веру в человечество. Разве это не стоит миллиона рублей, вера в человечество? — Стоит, стоит, — успокоил Александр Иванович.",,,,
XXIII,Сердце шофёра,миллиона,1000000.0,,loose,"С деньгами нужно расставаться легко, без стонов. — Для хорошего человека и миллиона не жалко, — ответил конторщик, к чему-то прислушиваясь. Когда они повернули на улицу Меринга, над городом пронесся воющий звук сирены.",,,,
XXIII,Сердце шофёра,два,2.0,,loose,"Это был длинный и светлый полуподвал с ребристым потолком, к которому на проволоках были подвешены модели военных и почтовых самолетов. В глубине клуба помещалась маленькая сцена, на заднике которой были нарисованы два синих окна с луной и звездами и коричневая дверь. Под стеной с надписью: «Войны не хотим, но к отпору готовы» — мыкались пикейные жилеты, захваченные всем табунчиком.",,,,
XXIII,Сердце шофёра,полтора-два,3.5,,loose,"— Вот уж действительно — средь шумного бала, случайно… Остап протолкался к сцене, вежливо остановил оратора и, узнав у него, что газовый плен продлится еще часа полтора-два, поблагодарил и присел тут же, у сцены, рядом с Зосей. Через некоторое время девушка уже не смотрела на размалеванное окно.",,,,
XXIII,Сердце шофёра,четыреста миллионов,400000000.0,,loose,"— В конце концов, — сказал он невесело, — ничего страшного нет. Вот в Китае разыскать нужного человека трудновато: там живет четыреста миллионов населения. А у нас очень легко: всего лишь сто шестьдесят миллионов, в три раза легче, чем в Китае.",,,,
XXIII,Сердце шофёра,сто шестьдесят миллионов,160000000.0,,loose,"Вот в Китае разыскать нужного человека трудновато: там живет четыреста миллионов населения. А у нас очень легко: всего лишь сто шестьдесят миллионов, в три раза легче, чем в Китае. Лишь бы были деньги.",,,,
XXIII,Сердце шофёра,три,3.0,,loose,"Вот в Китае разыскать нужного человека трудновато: там живет четыреста миллионов населения. А у нас очень легко: всего лишь сто шестьдесят миллионов, в три раза легче, чем в Китае. Лишь бы были деньги.",,,,
XXIII,Сердце шофёра,тридцать четыре рубля,34.0,рубля,certain,"А они у нас есть. Однако из банка Остап вышел, держа в руке тридцать четыре рубля. — Это все, что осталось от десяти тысяч, — сказал он с неизъяснимой печалью, — а я думал, что на текущем счету есть еще тысяч шесть-семь…",,,,
XXIII,Сердце шофёра,десяти тысяч,10000.0,,loose,"Однако из банка Остап вышел, держа в руке тридцать четыре рубля. — Это все, что осталось от десяти тысяч, — сказал он с неизъяснимой печалью, — а я думал, что на текущем счету есть еще тысяч шесть-семь… Как же это вышло?",,,,
XXIII,Сердце шофёра,тысяч шесть-семь,1013.0,,loose,"Однако из банка Остап вышел, держа в руке тридцать четыре рубля. — Это все, что осталось от десяти тысяч, — сказал он с неизъяснимой печалью, — а я думал, что на текущем счету есть еще тысяч шесть-семь… Как же это вышло?",,,,
XXIII,Сердце шофёра,один,1.0,,loose,А инвентарь? За один чернильный прибор «Лицом к деревне» любое учреждение с радостью отдаст сто рублей. А пишущая машинка!,,,,
XXIII,Сердце шофёра,сто рублей,100.0,рублей,certain,А инвентарь? За один чернильный прибор «Лицом к деревне» любое учреждение с радостью отдаст сто рублей. А пишущая машинка!,,,,
XXIV,Погода благоприятствовала любви,тридцать четыре рубля,34.0,рубля,certain,"— Он нас совсем погубит! И на самом деле, вместо того чтобы постараться как можно дольше растянуть последние тридцать четыре рубля, обратив их исключительно на закупку продовольствия, Остап отправился в цветочный магазин и купил за тридцать пять рублей большой, как клумба, шевелящийся букет роз. Недостающий рубль он взял у Балаганова.",,,,
XXIV,Погода благоприятствовала любви,тридцать пять рублей,35.0,рублей,certain,"— Он нас совсем погубит! И на самом деле, вместо того чтобы постараться как можно дольше растянуть последние тридцать четыре рубля, обратив их исключительно на закупку продовольствия, Остап отправился в цветочный магазин и купил за тридцать пять рублей большой, как клумба, шевелящийся букет роз. Недостающий рубль он взял у Балаганова.",,,,
XXIV,Погода благоприятствовала любви,Девятьсот рублей,900.0,рублей,certain,"Мне некогда. — Девятьсот рублей, — пробормотал великий комбинатор. — Триста!",,,,
XXIV,Погода благоприятствовала любви,пятьдесят рублей,50.0,рублей,certain,"Хотя бумажник был пуст, Шура часто вынимал его и заглядывал внутрь. Козлевич получил пятьдесят рублей на закупку бензина. Антилоповцы вели чистую, нравственную, почти что деревенскую жизнь.",,,,
XXIV,Погода благоприятствовала любви,три рубля,3.0,рубля,certain,"— Ввиду того что наш детский утренник посетит одна девушка, — сказал Остап значительно, — попросил бы господ вольноопределяющихся умыть лица, почиститься, а главное — не употреблять в поездке грубых выражений. Паниковский очень взволновался, выпросил у командора три рубля, сбегал в баню и всю ночь потом чистился и скребся, как солдат перед парадом. Он встал раньше всех и очень торопил Козлевича.",,,,
XXV,Три дороги,пятнадцать рублей,15.0,рублей,certain,А вечером мы даем спектакль. Я его уже запродал за пятнадцать рублей. Деньги получены.,,,,
XXV,Три дороги,пятнадцать рублей,15.0,рублей,certain,"— Этот негодяй сорвал нам спектакль. Бежим, покуда не отобрали пятнадцать рублей. Между тем разгневанная хозяйка догнала Паниковского, изловчилась и огрела его поленом по хребту.",,,,
XXV,Три дороги,пятнадцать рублей,15.0,рублей,certain,"Он притянул к себе Балаганова, погладил его по спине, расцеловался с Козлевичем, махнул рукой и побежал к поезду, вагоны которого уже сталкивались между собой от первого толчка паровоза. Но, не добежав, он повернул назад, сунул в руку Козлевича пятнадцать рублей, полученные за проданный спектакль, и вспрыгнул на подножку движущегося поезда. Оглянувшись, он увидел в сиреневой мгле две маленькие фигурки, поднимавшиеся по насыпи.",,,,
XXVI,Пассажир литерного поезда,четыре,4.0,,loose,"Заграница, представленная корреспондентами крупнейших газет и телеграфных агентств всего мира, чинно налегла на хлебное вино и с ужасной вежливостью посматривала на ударников в сапогах и на советских журналистов, которые по-домашнему явились в ночных туфлях и с одними запонками вместо галстуков. Разные люди сидели в вагон-ресторане: и провинциал из Нью-Йорка мистер Бурман, и канадская девушка, прибывшая из-за океана только за час до отхода литерного поезда и поэтому еще очумело вертевшая головой над котлетой в длинной металлической тарелочке, и японский дипломат, и другой японец, помоложе, и господин Гейнрих, желтые глаза которого почему-то усмехались, и молодой английский дипломат с тонкой теннисной талией, и немец-востоковед, весьма терпеливо выслушавший рассказ проводника о существовании странного животного с двумя кочками на спине, и американский экономист, и чехословак, и поляк, и четыре американских корреспондента, в том числе пастор, пишущий в газете союза христианских молодых людей, и стопроцентная американка из старинной пионерской семьи с голландской фамилией, которая прославилась тем, что в прошлом году отстала в Минеральных Водах от поезда и в целях рекламы некоторое время скрывалась в станционном буфете (это событие вызвало в американской прессе большой переполох. Три дня печатались статьи под заманчивыми заголовками: «Девушка из старинной семьи в лапах диких кавказских горцев» и «Смерть или выкуп»), и многие другие.",,,,
XXVI,Пассажир литерного поезда,десять,10.0,,loose,"И на советской стороне были разные люди. Был здесь сормовский рабочий, посланный в поездку общим собранием, и строитель со Сталинградского тракторного завода, десять лет назад лежавший в окопах против Врангеля на том самом поле, где теперь стоит тракторный гигант, и ткач из Серпухова, заинтересованный Восточной Магистралью, потому что она должна ускорить доставку хлопка в текстильные районы. Сидели тут и металлисты из Ленинграда, и шахтеры из Донбасса, и машинист с Украины, и руководитель делегации в белой русской рубашке с большой бухарской звездой, полученной за борьбу с эмиром.",,,,
XXVII,«Позвольте войти наемнику капитала»,тысяча девятьсот,1900.0,,loose,"— спросил Сапегин. — Научился в Одессе, когда в тысяча девятьсот восемнадцатом году с армией генерала фон Бельца оккупировал этот чудный город. Я состоял тогда в чине лейтенанта.",,,,
XXVII,«Позвольте войти наемнику капитала»,двух тысяч,2000.0,,loose,"**Рассказ Остапа Бендера о Вечном Жиде** — Не буду напоминать вам длинной и скучной истории Вечного еврея. Скажу только, что около двух тысяч лет этот пошлый старик шатался по всему миру, не прописываясь в гостиницах и надоедая гражданам своими жалобами на высокие железнодорожные тарифы, из-за которых ему приходилось ходить пешком. Его видели множество раз.",,,,
XXVII,«Позвольте войти наемнику капитала»,тысяча девятьсот,1900.0,,loose,"Захотелось ему, видите ли, бросить взгляд на эту широкую реку. Аккурат в тысяча девятьсот девятнадцатом году Вечный Жид в своих рыцарских брюках нелегально перешел румынскую границу. Стоит ли говорить о том, что на животе у него хранились восемь пар шелковых чулок и флакон парижских духов, которые одна кишиневская дама просила передать киевским родственникам.",,,,
XXVII,«Позвольте войти наемнику капитала»,восемь,8.0,,loose,"Аккурат в тысяча девятьсот девятнадцатом году Вечный Жид в своих рыцарских брюках нелегально перешел румынскую границу. Стоит ли говорить о том, что на животе у него хранились восемь пар шелковых чулок и флакон парижских духов, которые одна кишиневская дама просила передать киевским родственникам. В то бурное время ношение контрабанды на животе называлось «носить в припарку».",,,,
XXVII,«Позвольте войти наемнику капитала»,одна,1.0,,loose,"Аккурат в тысяча девятьсот девятнадцатом году Вечный Жид в своих рыцарских брюках нелегально перешел румынскую границу. Стоит ли говорить о том, что на животе у него хранились восемь пар шелковых чулок и флакон парижских духов, которые одна кишиневская дама просила передать киевским родственникам. В то бурное время ношение контрабанды на животе называлось «носить в припарку».",,,,
XXVII,«Позвольте войти наемнику капитала»,Две тысячи,2000.0,,loose,"— закричал старик. Две тысячи лет он нетерпеливо ждал смерти, а сейчас вдруг ему очень захотелось жить. — Молчи, жидовская морда!",,,,
XXVII,«Позвольте войти наемнику капитала»,сорок,40.0,,loose,"Гейнрих ничего не ответил и сейчас же ушел. Сначала все думали, что он обиделся, но уже на другой день выяснилось, что из советского вагона корреспондент свободомыслящей газеты направился прямо к мистеру Хираму Бурману, которому и продал историю о Вечном Жиде за сорок долларов. И Хирам на первой же станции передал рассказ Остапа Бендера по телеграфу в свою газету.",,,,
XXVIII,Потный вал вдохновенья,двадцать пять,25.0,,loose,"Ему, пробавлявшемуся до сих пор отчетами о заседаниях, внезапно открылись сверкающие стилистические высоты. — И за все — двадцать пять тугриков, двадцать пять монгольских рублей, — нетерпеливо сказал великий комбинатор, томимый голодом. — У меня нет монгольских, — молвил сотрудник профоргана, не выпуская из рук «Торжественного комплекта».",,,,
XXVIII,Потный вал вдохновенья,двадцать пять рублей,25.0,рублей,certain,"Ему, пробавлявшемуся до сих пор отчетами о заседаниях, внезапно открылись сверкающие стилистические высоты. — И за все — двадцать пять тугриков, двадцать пять монгольских рублей, — нетерпеливо сказал великий комбинатор, томимый голодом. — У меня нет монгольских, — молвил сотрудник профоргана, не выпуская из рук «Торжественного комплекта».",,,,
XXIX,Гремящий Ключ,Тысячи,1000.0,,loose,"Со всех сторон выдвигались из-за холмов остроконечные шапки. Тысячи всадников, сидя в деревянных седлах и понукая волосатых лошадок, торопились к деревянной стреле, находившейся в той самой точке, которая была принята два года назад как место будущей смычки. Кочевники ехали целыми аулами.",,,,
XXIX,Гремящий Ключ,два,2.0,,loose,"Со всех сторон выдвигались из-за холмов остроконечные шапки. Тысячи всадников, сидя в деревянных седлах и понукая волосатых лошадок, торопились к деревянной стреле, находившейся в той самой точке, которая была принята два года назад как место будущей смычки. Кочевники ехали целыми аулами.",,,,
XXIX,Гремящий Ключ,полторы тысячи,1500.0,,loose,"Рабочие обоих городков смешались в одну кучу. Они увиделись впервые, хотя знали и помнили друг о друге с самого начала постройки, когда их разделяли полторы тысячи километров пустыни, скал, озер и рек. Соревнование в работе ускорило свидание на год.",,,,
XXIX,Гремящий Ключ,Пятнадцать тысяч,15000.0,,loose,"Но вокруг была пустыня. Пятнадцать тысяч всадников непрестанно шатались взад и вперед, десятки раз переходили вброд холодную речку и только к началу митинга расположились в конном строю, позади трибуны. А некоторые, застенчивые и гордые, так и промаячили весь день на вершинах холмов, не решаясь подъехать ближе к гудящему и ревущему митингу.",,,,
XXIX,Гремящий Ключ,миллионы,1000000.0,,loose,"На полотно со звоном полетели рельсы. В минуту они были уложены, и рабочие-укладчики, забившие миллионы костылей, уступили право на последние удары своим руководителям. — Согласно законов гостеприимства, — сказал буфетчик, сидя с поварами на крыше вагона-ресторана.",,,,
XXIX,Гремящий Ключ,шестьдесят рублей,60.0,рублей,certain,"Узнав об окончательном отказе от спиртного, он чуть не заболел, но оставить Европу без обеда не решился. Представленную им смету сильно урезали, и старик, шепча себе под нос: «Накормлю и умру» — добавил шестьдесят рублей из своих сбережений. В день обеда Иван Осипович пришел в нафталиновом фраке.",,,,
XXIX,Гремящий Ключ,Двести тысяч четыреста восемьдесят пять,200485.0,,loose,"Вот что в ней содержалось: **ЛЕГЕНДА ОЗЕРА ИССЫК-КУЛЬ** Старый кара-калпак Ухум Бухеев рассказал мне эту легенду, овеянную дыханием веков. Двести тысяч четыреста восемьдесят пять лун тому назад молодая, быстроногая, как джейран (горный баран), жена хана красавица Сумбурун горячо полюбила молодого нукера Ай-Булака. Велико было горе старого хана, когда он узнал об измене горячо любимой жены.",,,,
XXIX,Гремящий Ключ,двенадцать,12.0,,loose,"Велико было горе старого хана, когда он узнал об измене горячо любимой жены. Старик двенадцать лун возносил молитвы, а потом со слезами на глазах запечатал красавицу в бочку и, привязав к ней слиток чистого золота весом в семь джасасын (18 кило), бросил драгоценную ношу в горное озеро. С тех пор озеро и получило свое имя Иссык-Куль, что значит «Сердце красавицы склонно к измене»…",,,,
XXIX,Гремящий Ключ,семь,7.0,,loose,"Велико было горе старого хана, когда он узнал об измене горячо любимой жены. Старик двенадцать лун возносил молитвы, а потом со слезами на глазах запечатал красавицу в бочку и, привязав к ней слиток чистого золота весом в семь джасасын (18 кило), бросил драгоценную ношу в горное озеро. С тех пор озеро и получило свое имя Иссык-Куль, что значит «Сердце красавицы склонно к измене»…",,,,
XXIX,Гремящий Ключ,18,18.0,,loose,"Велико было горе старого хана, когда он узнал об измене горячо любимой жены. Старик двенадцать лун возносил молитвы, а потом со слезами на глазах запечатал красавицу в бочку и, привязав к ней слиток чистого золота весом в семь джасасын (18 кило), бросил драгоценную ношу в горное озеро. С тех пор озеро и получило свое имя Иссык-Куль, что значит «Сердце красавицы склонно к измене»…",,,,
XXIX,Гремящий Ключ,тысячу,1000.0,,loose,"Раз Узун-Кулак существует, должен же кто-нибудь о нем писать? — Но ведь уже тысячу раз писали! — сказал Лавуазьян.",,,,
XXX,Александр Ибн-Иванович,сто пятьдесят тысяч рублей,150000.0,рублей,certain,"Был такой взбалмошный старик, из хорошей семьи, бывший предводитель дворянства, он же регистратор загса, Киса Воробьянинов. Мы с ним на паях искали счастья на сумму в сто пятьдесят тысяч рублей. И вот перед самым размежеванием добытой суммы глупый предводитель полоснул меня бритвой по шее.",,,,
XXX,Александр Ибн-Иванович,Девяносто девять,99.0,,loose,"Каждая пачка была аккуратно заклеена в белую бумагу и перевязана шпагатом. — Девяносто девять пачек, — сказал Корейко грустно, — по десять тысяч в каждой. Бумажками по двадцать пять червонцев.",,,,
XXX,Александр Ибн-Иванович,десять тысяч,10000.0,,loose,"Каждая пачка была аккуратно заклеена в белую бумагу и перевязана шпагатом. — Девяносто девять пачек, — сказал Корейко грустно, — по десять тысяч в каждой. Бумажками по двадцать пять червонцев.",,,,
XXX,Александр Ибн-Иванович,двадцать пять червонцев,250.0,червонцев,certain,"— Девяносто девять пачек, — сказал Корейко грустно, — по десять тысяч в каждой. Бумажками по двадцать пять червонцев. Можете не проверять, у меня — как в банке.",,,,
XXX,Александр Ибн-Иванович,Десять тысяч,10000.0,,loose,— спросил Остап с энтузиазмом. — Десять тысяч я вычел. В счет ограбления на морском берегу.,,,,
XXX,Александр Ибн-Иванович,двадцать тысяч,20000.0,,loose,"— Идемте, идемте! И вообще бросьте отшельничество, спешите выпить вашу долю спиртных напитков, съесть ваши двадцать тысяч котлет. Не то налетят посторонние лица и сожрут вашу порцию.",,,,
XXX,Александр Ибн-Иванович,миллионами,1000000.0,,loose,"Я устрою вас в литерный поезд, там я свой человек, — и уже завтра мы будем в сравнительно культурном центре. А там с нашими миллионами… Александр Иванович!..",,,,
XXX,Александр Ибн-Иванович,миллиона,1000000.0,,loose,"Не будьте твердолобым. После потери миллиона Корейко стал мягче и восприимчивей. — Может, в самом деле проветриться?",,,,
XXX,Александр Ибн-Иванович,сто восемьдесят рублей,180.0,рублей,certain,"Аулы, прибывшие на смычку, еще не снялись, и верблюдов удалось купить неподалеку от Гремящего Ключа. Корабли пустыни обошлись по сто восемьдесят рублей за штуку. — Как дешево, — шепнул Остап, — давайте купим пятьдесят верблюдов.",,,,
XXXI,Багдад,миллионом,1000000.0,,loose,"В начале путешествия Остап веселился от души. Все его потешало: и барахтающийся между верблюжьими кочками Александр-Ибн-Иванович, и ледащий корабль пустыни, старавшийся увернуться от своих обязанностей, и мешок с миллионом, ударами которого великий комбинатор иногда подбадривал непокорных баранов. Себя Остап называл полковником Лоуренсом.",,,,
XXXI,Багдад,миллион,1000000.0,,loose,"При современной политической обстановке даже Лига наций удовлетворится таким поводом к войне. Ей-богу, куплю у англичан на миллион винтовок, — они любят продавать огнестрельное оружие племенам, — и марш-марш в Данию. Германия пропустит — в счет репараций.",,,,
XXXI,Багдад,сорок тысяч,40000.0,,loose,"— Еще немного терпения, Ибн-Корейко, — и мы приедем в городок, не уступающий Багдаду. Плоские кровли, туземные оркестры, ресторанчики в восточном вкусе, сладкие вина, легендарные девицы и сорок тысяч вертелов с шашлыками карскими, турецкими, татарскими, месопотамскими и одесскими. И, наконец, железная дорога.",,,,
XXXI,Багдад,миллионы,1000000.0,,loose,"И потом посещение музея входит в программу путешествующих врачей-общественников! Они вступили в большую, выбеленную мелом комнату, опустили на пол свои миллионы и долго отирали горячие лбы рукавами. В музее было только восемь экспонатов: зуб мамонта, подаренный молодому музею городом Ташкентом, картина маслом «Стычка с басмачами», два эмирских халата, золотая рыбка в аквариуме, витрина с засушенной саранчой, фарфоровая статуэтка фабрики Кузнецова и, наконец, макет обелиска, который город собирался поставить на главной площади.",,,,
XXXI,Багдад,триста рублей,300.0,рублей,certain,Не присылают специалиста. — Мне бы триста рублей! — вскричал заведующий.,,,,
XXXII,Врата великих возможностей,Сто рублей,100.0,рублей,certain,"— Только подсчитайте все. — Сто рублей, — ответил Балаганов, с сожалением отрываясь от хлеба с колбасой. — Да нет, вы меня не поняли.",,,,
XXXII,Врата великих возможностей,шесть тысяч четыреста рублей,6400.0,рублей,certain,"Чтобы вам было хорошо жить на свете. Балаганов долго думал, несмело улыбаясь, и, наконец, объявил, что для полного счастья ему нужно шесть тысяч четыреста рублей и что с этой суммой ему будет на свете очень хорошо. — Ладно, — сказал Остап, — получите пятьдесят тысяч.",,,,
XXXII,Врата великих возможностей,пятьдесят тысяч,50000.0,,loose,"Балаганов долго думал, несмело улыбаясь, и, наконец, объявил, что для полного счастья ему нужно шесть тысяч четыреста рублей и что с этой суммой ему будет на свете очень хорошо. — Ладно, — сказал Остап, — получите пятьдесят тысяч. Он расстегнул на коленях квадратный саквояж и сунул Балаганову пять белых пачек, перевязанных шпагатом.",,,,
XXXII,Врата великих возможностей,миллион,1000000.0,,loose,"И вежливое лицо портье выразило почтение перед конгрессом. Остапу захотелось закричать, что он главный, что его нужно уважать и почитать, что у него в мешке миллион, но он почел за благо воздержаться и вышел на улицу в крайнем раздражении. Весь день он ездил по городу на извозчике.",,,,
XXXII,Врата великих возможностей,миллиона,1000000.0,,loose,"В четвертом месте Остапу поперек дороги стал пионерский слет, и в номере, где миллионер мог бы нескучно провести вечер с подругой, галдели дети. В дороге он обжился, завел чемодан для миллиона, дорожные вещи и экипировался. Уже Остап замышлял долгое и покойное путешествие во Владивосток, рассчитав, что поездка в оба конца займет три недели, когда вдруг почувствовал, что если сейчас же не осядет на землю, то умрет от какой-нибудь загадочной железнодорожной болезни.",,,,
XXXII,Врата великих возможностей,пятьдесят тысяч,50000.0,,loose,"И вообще было плохо. Начальник станции не брал под козырек, что в былые времена проделывал перед любым купчиной с капиталишком в пятьдесят тысяч, отцы города не приезжали в гостиницу представляться, пресса не торопилась брать интервью и вместо фотографий миллионеров печатала портреты каких-то ударников, зарабатывающих сто двадцать рублей в месяц. Остап каждый день считал свой миллион, и все был миллион без какой-то мелочи.",,,,
XXXII,Врата великих возможностей,сто двадцать рублей,120.0,рублей,certain,"И вообще было плохо. Начальник станции не брал под козырек, что в былые времена проделывал перед любым купчиной с капиталишком в пятьдесят тысяч, отцы города не приезжали в гостиницу представляться, пресса не торопилась брать интервью и вместо фотографий миллионеров печатала портреты каких-то ударников, зарабатывающих сто двадцать рублей в месяц. Остап каждый день считал свой миллион, и все был миллион без какой-то мелочи.",,,,
XXXII,Врата великих возможностей,миллион,1000000.0,,loose,"Начальник станции не брал под козырек, что в былые времена проделывал перед любым купчиной с капиталишком в пятьдесят тысяч, отцы города не приезжали в гостиницу представляться, пресса не торопилась брать интервью и вместо фотографий миллионеров печатала портреты каких-то ударников, зарабатывающих сто двадцать рублей в месяц. Остап каждый день считал свой миллион, и все был миллион без какой-то мелочи. Он прилагал все усилия, обедал несколько раз в день, пил коллекционные вина, раздавал непомерные чаевые, купил перстень, японскую вазу и шубу на хорьках.",,,,
XXXII,Врата великих возможностей,миллион,1000000.0,,loose,"Начальник станции не брал под козырек, что в былые времена проделывал перед любым купчиной с капиталишком в пятьдесят тысяч, отцы города не приезжали в гостиницу представляться, пресса не торопилась брать интервью и вместо фотографий миллионеров печатала портреты каких-то ударников, зарабатывающих сто двадцать рублей в месяц. Остап каждый день считал свой миллион, и все был миллион без какой-то мелочи. Он прилагал все усилия, обедал несколько раз в день, пил коллекционные вина, раздавал непомерные чаевые, купил перстень, японскую вазу и шубу на хорьках.",,,,
XXXII,Врата великих возможностей,шесть тысяч,6000.0,,loose,"Кроме того, в случае надобности он мог накупить еще множество шуб и ваз. За месяц, однако, истрачено было только шесть тысяч. Нет!",,,,
XXXII,Врата великих возможностей,пятидесяти тысяч,50000.0,,loose,"— Только отвернулась, а он… Обладатель пятидесяти тысяч украл сумочку, в которой были черепаховая пудреница, профсоюзная книжка и один рубль семьдесят копеек денег. Вагон остановился.",,,,
XXXII,Врата великих возможностей,один рубль,1.0,рубль,certain,"— Только отвернулась, а он… Обладатель пятидесяти тысяч украл сумочку, в которой были черепаховая пудреница, профсоюзная книжка и один рубль семьдесят копеек денег. Вагон остановился.",,,,
XXXII,Врата великих возможностей,семьдесят копеек,0.7,копеек,certain,"— Только отвернулась, а он… Обладатель пятидесяти тысяч украл сумочку, в которой были черепаховая пудреница, профсоюзная книжка и один рубль семьдесят копеек денег. Вагон остановился.",,,,
XXXIII,Индийский гость,миллионом,1000000.0,,loose,"В ста пятидесяти номерах спал конгресс почвоведов, вернувшийся из поездки, тридцать номеров было отведено под делегации заграничных коммерсантов, которые выясняли наболевший вопрос, можно ли в конце концов прибыльно торговать с Советским Союзом, лучший апартамент из четырех комнат занимал знаменитый индусский поэт и философ, а в маленьком номере, отведенном дирижеру симфонического оркестра, спал Остап Бендер. Он лежал на плюшевом одеяле, одетый, прижимая к груди чемодан с миллионом. За ночь великий комбинатор вдохнул в себя весь кислород, содержавшийся в комнате, и оставшиеся в ней химические элементы можно было назвать азотом только из вежливости.",,,,
XXXIII,Индийский гость,миллиона,1000000.0,,loose,"По всей вероятности, это и было причиной безобразного ночного гусарства. Остап лежа вынул записную книжечку и стал подсчитывать расходы со времени получения миллиона. На первой страничке была памятная запись: Верблюд 180 р..............................",,,,
XXXIII,Индийский гость,пятидесяти тысяч,50000.0,,loose,"Шуба, соус, железнодорожный билет, опять соус, опять билет, три чалмы, купленные на черный день, извозчики, ваза и всякая чепуха. Если не считать пятидесяти тысяч Балаганова, которые не принесли ему счастья, миллион был на месте. «Не дают делать капитальных вложений!",,,,
XXXIII,Индийский гость,миллион,1000000.0,,loose,"Шуба, соус, железнодорожный билет, опять соус, опять билет, три чалмы, купленные на черный день, извозчики, ваза и всякая чепуха. Если не считать пятидесяти тысяч Балаганова, которые не принесли ему счастья, миллион был на месте. «Не дают делать капитальных вложений!",,,,
XXXIV,Дружба с юностью,одна,1.0,,loose,"Одно время об этом много говорили. Это был обыкновенный землемер — жена, одна комната, сто двадцать рублей жалованья. Фамилия Бигусов.",,,,
XXXIV,Дружба с юностью,сто двадцать рублей,120.0,рублей,certain,"Одно время об этом много говорили. Это был обыкновенный землемер — жена, одна комната, сто двадцать рублей жалованья. Фамилия Бигусов.",,,,
XXXIV,Дружба с юностью,миллион,1000000.0,,loose,"Старик умер. А Бигусов теперь принц, родственник микадо и к тому же еще, между нами говоря, получил наличными миллион иен. Миллион!",,,,
XXXIV,Дружба с юностью,Миллион,1000000.0,,loose,"А Бигусов теперь принц, родственник микадо и к тому же еще, между нами говоря, получил наличными миллион иен. Миллион! Такому дураку!",,,,
XXXIV,Дружба с юностью,миллион рублей,1000000.0,рублей,certain,"Такому дураку! — Дали бы мне миллион рублей! — сказал второй пассажир, суча ногами.",,,,
XXXIV,Дружба с юностью,миллионом,1000000.0,,loose,"— сказал второй пассажир, суча ногами. — Я бы им показал, что делать с миллионом! В пролете между верхними диванами появилась голова четвертого пассажира.",,,,
XXXIV,Дружба с юностью,миллионом,1000000.0,,loose,"В пролете между верхними диванами появилась голова четвертого пассажира. Он внимательно поглядел на человека, точно знавшего, что можно сделать с миллионом, и, ничего не сказавши, снова закрылся журналом. — Да, — сказал третий пассажир, распечатывая железнодорожный пакетик с двумя индивидуальными сухарями, — бывают различные факты в области денежного обращения.",,,,
XXXIV,Дружба с юностью,восемнадцать тысяч,18000.0,,loose,"Оказывается, иностранный голубчик приехал не сам от себя, а от акционерного общества, которое образовалось специально для эксплуатации дядиного наследства. У них даже был основной капитал в восемнадцать тысяч злотых. Этот их уполномоченный должен был во что бы то ни стало жениться на девушке и вывезти ее за границу.",,,,
XXXIV,Дружба с юностью,миллион,1000000.0,,loose,— сказал второй пассажир. — Дали бы мне этот миллион. И в ажитации он даже вырвал из рук соседа сухарик и нервно съел его.,,,,
XXXIV,Дружба с юностью,тысяча девятьсот,1900.0,,loose,"Внизу стали говорить тише. Теперь пассажиры сидели тесно, голова к голове, и, задыхаясь, шептали: — Недавно международное общество Красного Креста давало объявление в газетах о том, что разыскиваются наследники американского солдата Гарри Ковальчука, погибшего в тысяча девятьсот восемнадцатом году на войне. Наследство — миллион!",,,,
XXXIV,Дружба с юностью,миллион,1000000.0,,loose,"Теперь пассажиры сидели тесно, голова к голове, и, задыхаясь, шептали: — Недавно международное общество Красного Креста давало объявление в газетах о том, что разыскиваются наследники американского солдата Гарри Ковальчука, погибшего в тысяча девятьсот восемнадцатом году на войне. Наследство — миллион! То есть было меньше миллиона, но наросли проценты…",,,,
XXXIV,Дружба с юностью,миллиона,1000000.0,,loose,"Наследство — миллион! То есть было меньше миллиона, но наросли проценты… И вот в глухой деревушке на Волыни…",,,,
XXXIV,Дружба с юностью,миллион,1000000.0,,loose,"Он легко дал бы полмиллиона, чтобы заснуть, но шепот внизу не прекращался: — …Понимаете, в один жакт явилась старушка и говорит: «Я, говорит, у себя в подвале нашла горшочек, не знаю, что в горшочке, уж будьте добры, посмотрите сами». Посмотрело правление жакта в этот горшок, а там золотые индийские рупии, миллион рупий… — Вот дура!",,,,
XXXIV,Дружба с юностью,миллион,1000000.0,,loose,"Нашла кому рассказывать!.. Дали бы мне этот миллион, уж я бы… — Между нами говоря, если хотите знать, деньги — это все.",,,,
XXXIV,Дружба с юностью,миллион,1000000.0,,loose,"Сверху послышался стон, звучный полновесный стон гибнущего индивидуума. Рассказчики на миг смутились, но очарованье неожиданных богатств, льющихся из карманов японских принцев, варшавских родственников или американских солдат, было так велико, что они снова стали хватать друг друга за коленки, бормоча: — …И вот, когда вскрыли мощи, там, между нами говоря, нашли на миллион… Утром, еще затопленный сном, Остап услышал звук отстегиваемой шторы и голос: — Миллион!",,,,
XXXIV,Дружба с юностью,Миллион,1000000.0,,loose,"Рассказчики на миг смутились, но очарованье неожиданных богатств, льющихся из карманов японских принцев, варшавских родственников или американских солдат, было так велико, что они снова стали хватать друг друга за коленки, бормоча: — …И вот, когда вскрыли мощи, там, между нами говоря, нашли на миллион… Утром, еще затопленный сном, Остап услышал звук отстегиваемой шторы и голос: — Миллион! Понимаете, целый миллион…",,,,
XXXIV,Дружба с юностью,миллион,1000000.0,,loose,"Утром, еще затопленный сном, Остап услышал звук отстегиваемой шторы и голос: — Миллион! Понимаете, целый миллион… Это было слишком.",,,,
XXXIV,Дружба с юностью,Миллион,1000000.0,,loose,"Они сошли на рассвете в Харькове, оставив после себя смятые постели, просаленный листок арифметической бумаги, котлетные и хлебные крошки, а также веревочку. Стоящий у окна новый пассажир равнодушно посмотрел на Остапа и продолжал, обращаясь к двум своим спутникам: — Миллион тонн чугуна. К концу года.",,,,
XXXIV,Дружба с юностью,Восемьсот двадцать пять тысяч,825000.0,,loose,"вы знаете Иван Николаевича, — характер… Восемьсот двадцать пять тысяч тонн и ни на одну тонну больше. Тут началось серьезное дело.",,,,
XXXIV,Дружба с юностью,одну,1.0,,loose,"вы знаете Иван Николаевича, — характер… Восемьсот двадцать пять тысяч тонн и ни на одну тонну больше. Тут началось серьезное дело.",,,,
XXXIV,Дружба с юностью,миллионом,1000000.0,,loose,"Молодые люди, не боявшиеся сквозняков, открыли окно, и в купе, словно морская волна, запертая в ящик, прыгал и валялся осенний ветер. Остап забросил на сетку чемодан с миллионом и уселся внизу, дружелюбно поглядывая на новых соседей, которые как-то особенно рьяно вживались в быт международного вагона, — часто смотрелись в дверное зеркало, подпрыгивали на диване, испытывая упругость его пружин и федерканта, одобряли качество красной полированной обшивки и нажимали кнопки. Время от времени один из них исчезал на несколько минут и по возвращении шептался с товарищами.",,,,
XXXIV,Дружба с юностью,семьдесят пять рублей,75.0,рублей,certain,Ей-богу! Получишь стипендию семьдесят пять рублей. Будешь жить как бог.,,,,
XXXIV,Дружба с юностью,миллионов,1000000.0,,loose,"Его охватило желание поразить спутников, вызвать у них еще большее восхищение. — Сколько же у вас миллионов? — спросила девушка в гимнастических туфлях, подбивая его на веселый ответ.",,,,
XXXIV,Дружба с юностью,десять тысяч,10000.0,,loose,"Остап перегнул одну из них, и обертка лопнула с карточным треском. — В каждой пачке по десять тысяч. Вам мало?",,,,
XXXIV,Дружба с юностью,Миллион,1000000.0,,loose,Вам мало? Миллион без какой-то мелочи. Все на месте.,,,,
XXXV,"Его любили домашние хозяйки, домашние работницы, вдовы и даже одна женщина — зубной техник",триста пятьдесят рублей,350.0,рублей,certain,"Во мне проснулись янычары. Я этой негодяйке послал из Москвы на триста пятьдесят рублей телеграмм и не получил ответа даже на полтинник. Это я-то, которого любили домашние хозяйки, домашние работницы, вдовы и даже одна женщина — зубной техник.",,,,
XXXV,"Его любили домашние хозяйки, домашние работницы, вдовы и даже одна женщина — зубной техник",миллионом,1000000.0,,loose,"До свиданья! Великий комбинатор отправился в гостиницу, вытащил из-под кровати чемодан с миллионом, который валялся рядом со стоптанными башмаками. Некоторое время он смотрел на него довольно тупо, потом взял его за ручку и выбрался на улицу.",,,,
XXXV,"Его любили домашние хозяйки, домашние работницы, вдовы и даже одна женщина — зубной техник",триста рублей,300.0,рублей,certain,"Дурацкое положение! Музейный заведующий собирается за триста рублей Лувр учинить, любой коллектив каких-нибудь водников или кооперативная корпорация драмписателей за миллион может выстроить полунебоскреб с плоской крышей для лекций на свежем воздухе. А Остап Бендер, потомок янычаров, ни черта не может сделать!",,,,
XXXV,"Его любили домашние хозяйки, домашние работницы, вдовы и даже одна женщина — зубной техник",миллион,1000000.0,,loose,"Дурацкое положение! Музейный заведующий собирается за триста рублей Лувр учинить, любой коллектив каких-нибудь водников или кооперативная корпорация драмписателей за миллион может выстроить полунебоскреб с плоской крышей для лекций на свежем воздухе. А Остап Бендер, потомок янычаров, ни черта не может сделать!",,,,
XXXV,"Его любили домашние хозяйки, домашние работницы, вдовы и даже одна женщина — зубной техник",миллионом,1000000.0,,loose,"Вот навалился класс-гегемон на миллионера-одиночку!» Размышляя о том, как поступить с миллионом, великий комбинатор бегал по аллеям, садился на цементный парапет и сердито смотрел на качающийся за волнорезом пароход. «Нет, от пожара придется отказаться.",,,,
XXXV,"Его любили домашние хозяйки, домашние работницы, вдовы и даже одна женщина — зубной техник",пятьдесят тысяч,50000.0,,loose,"Основать разве стипендию имени Балаганова для учащихся заочного радиотехникума? Купить пятьдесят тысяч серебряных ложечек, отлить из них конную статую Паниковского и установить на могиле? Инкрустировать „Антилопу“ перламутром?",,,,
XXXV,"Его любили домашние хозяйки, домашние работницы, вдовы и даже одна женщина — зубной техник",тысячами,1000.0,,loose,"Там по его просьбе чемодан зашили в рогожку и накрест перевязали бечевой. Получилась простецкая с виду посылка, какие почтамт принимает ежедневно тысячами и в каких граждане отправляют своим родственникам свиное сало, варенье или яблоки. Остап взял химический карандаш и, возбужденно махнув им в воздухе, написал: _ЦЕННАЯ_ **Народному комиссару финансов Москва** И посылка, брошенная рукой дюжего почтовика, рухнула на груду овальных тючков, торбочек и ящиков.",,,,
XXXV,"Его любили домашние хозяйки, домашние работницы, вдовы и даже одна женщина — зубной техник",миллион,1000000.0,,loose,"Остап взял химический карандаш и, возбужденно махнув им в воздухе, написал: _ЦЕННАЯ_ **Народному комиссару финансов Москва** И посылка, брошенная рукой дюжего почтовика, рухнула на груду овальных тючков, торбочек и ящиков. Засовывая в карман квитанцию, Остап увидел, что его миллион вместе с прочим грузом уже увозит на тележке в соседний зал ленивый старичок с белыми молниями в петлицах. — Заседание продолжается, — сказал великий комбинатор, — на этот раз без участия депутата сумасшедших аграриев О.",,,,
XXXV,"Его любили домашние хозяйки, домашние работницы, вдовы и даже одна женщина — зубной техник",миллиона,1000000.0,,loose,"Представитель коллектива Фемиди увел у единоличника-миллионера… И тут с потрясающей ясностью и чистотой Бендер вспомнил, что никакого миллиона у него не имеется. Додумывал он эту мысль уже на бегу, разгребая руками прохожих, как пловец воду в состязании на побитие мирового рекорда.",,,,
XXXVI,Кавалер ордена Золотого Руна,миллион,1000000.0,,loose,"Сделано это было, по-видимому, приятелями молодого Кастраки, такими же двоечниками, как и он сам. Остап долго не хотел покупать эти неприличные часы, но в конце концов приобрел, так как решил вложить в драгоценности весь миллион. Вообще зима прошла в больших трудах.",,,,
XXXVI,Кавалер ордена Золотого Руна,четыреста тысяч,400000.0,,loose,"Вообще зима прошла в больших трудах. Брильянтов великий комбинатор достал только на четыреста тысяч; валюты, в том числе каких-то сомнительных польских и балканских денег, удалось достать только на пятьдесят тысяч. На остальную сумму пришлось накупить тяжестей.",,,,
XXXVI,Кавалер ордена Золотого Руна,пятьдесят тысяч,50000.0,,loose,"Вообще зима прошла в больших трудах. Брильянтов великий комбинатор достал только на четыреста тысяч; валюты, в том числе каких-то сомнительных польских и балканских денег, удалось достать только на пятьдесят тысяч. На остальную сумму пришлось накупить тяжестей.",,,,
XXXVI,Кавалер ордена Золотого Руна,миллион,1000000.0,,loose,"При этом изо рта у него бежали розовые слюни. Остап боролся за свой миллион, как гладиатор. Он сбрасывал с себя врагов и поднимался с земли, глядя вперед помраченным взором.",,,,
XXXVI,Кавалер ордена Золотого Руна,миллиона,1000000.0,,loose,"Он сбрасывал с себя врагов и поднимался с земли, глядя вперед помраченным взором. Он опомнился на льду, с расквашенной мордой, с одним сапогом на ноге, без шубы, без портсигаров, украшенных надписями, без коллекции часов, без блюда, без валюты, без креста и брильянтов, без миллиона. На высоком берегу стоял офицер с собачьим воротником и смотрел вниз, на Остапа.",,,,
