menu_pos,page,section,section_pos,item,unit,vol,price,price_printed,price_corrected,has_variants,is_new,has_desc,addon_count,is_upsell_platform,per_unit
1,1,лисички,1,Ватрушка с лисичками и пармез. паштетом,g,255,482,482,,False,False,False,0,False,1.89
2,1,лисички,2,"Равиоли с цыплёнком, лисички, трюфель",g,350,482,482,,False,False,False,0,False,1.377
3,1,лисички,3,"Салат с лисичками, беконом, картофелем",g,310,591,591,,False,False,False,0,False,1.906
4,1,лисички,4,Феттучини в сливочном соусе с лисичками,g,310,631,631,,False,False,False,0,False,2.035
5,1,лисички,5,Оладушек из цукини с лисичками,g,340,482,482,,False,False,False,0,False,1.418
6,2,летние напитки,1,"Латте ""Ягодный пломбир""",ml,300,316,316,,False,False,True,0,False,1.053
7,2,летние напитки,2,"Матча ""Киви-тархун""",ml,400,316,316,,False,False,True,0,False,0.79
8,2,летние напитки,3,"Фильтр ""Персик-арбуз""",ml,300,316,316,,False,False,True,0,False,1.053
9,2,летние напитки,4,"Лимонад ""Маракуйя-ром""",ml,400,316,316,,False,False,True,0,False,0.79
10,2,летние напитки,5,"Холодный чай ""Жасмин-ананас""",ml,400,316,316,,False,False,True,0,False,0.79
11,2,летние напитки,6,Шоколадный квас,ml,400,331,331,,False,False,True,0,False,0.828
12,3,завтраки,1,Фреш апельсин,ml,250,353,353,,False,False,False,0,False,1.412
13,3,завтраки,2,Овсяная каша с песто,g,320,444,444,,False,True,True,0,False,1.387
14,3,завтраки,3,Рисовая каша с клубникой,g,330,367,367,,False,True,True,0,False,1.112
15,3,завтраки,4,Сырники со сметаной,g,180,333,333,,False,False,True,2,False,1.85
16,3,завтраки,5,Сырники с ванильным кремом и вишней,g,280,555,555,471.0,False,False,True,0,False,1.982
17,3,завтраки,6,Пепперони сендвич с жареным яйцом,g,350,571,571,,False,False,True,0,False,1.631
18,3,завтраки,7,Большой завтрак Брянчанина,g,660,978,978,,False,False,True,0,False,1.482
19,3,завтраки,8,Малый завтрак Брянчанина,g,430,669,669,,False,False,True,0,False,1.556
20,3,завтраки,9,Большой австралийский завтрак,g,500,879,879,,False,False,True,0,False,1.758
21,3,завтраки,10,Оладушек из цукини с яйцом пашот,g,250,681,681,,False,False,True,0,False,2.724
22,3,завтраки,11,Яичница / омлет,g,250,454,454,,False,False,True,9,True,1.816
23,4,супы,1,Том-ям Щебетуна с креветками,g,300,652,652,,False,False,True,0,False,2.173
24,4,супы,2,Суп-крем сырный,g,340,431,431,,False,False,True,1,False,1.268
25,4,супы,3,"Томатный суп со страчателлой, овощами, песто",g,310,411,411,,False,True,True,1,False,1.326
26,4,салаты,1,"Большой белковый салат ""Кобб""",g,340,711,711,,False,False,True,0,False,2.091
27,4,салаты,2,"Зелёный салат с креветками, клубникой, фета",g,185,673,673,,False,True,True,0,False,3.638
28,4,салаты,3,Фирменный салат Щебетуна,g,200,474,474,,False,False,True,0,False,2.37
29,4,горячее,1,Равиоли с цыплёнком терияки,g,250,454,454,,False,True,True,0,False,1.816
30,4,горячее,2,Равиоли с цыплёнком в сливочном масле,g,250,444,444,,False,False,True,0,False,1.776
31,4,горячее,3,Паста с курицей и грибами,g,328,631,631,,False,False,True,0,False,1.924
32,4,горячее,4,Картофельные хашбрауны,g,240,373,373,,False,False,True,5,True,1.554
33,5,сэндвичи,1,Френч тост с клубникой и базиликом,g,310,513,513,,False,True,True,1,False,1.655
34,5,сэндвичи,2,"Сэндвич с ветчиной, пепперони, беконом",g,370,534,534,,False,True,True,0,False,1.443
35,5,сэндвичи,3,Хот дог в бриоши,g,250,434,434,,False,True,True,0,False,1.736
36,5,сэндвичи,4,Сэндвич с ветчиной из индейки,g,270,572,572,472.0,False,False,True,0,False,2.119
37,5,сэндвичи,5,Сэндвич с курицей,g,270,554,554,454.0,False,False,True,0,False,2.052
38,5,сэндвичи,6,Сэндвич с лососем в тартине,g,270,751,751,,False,False,True,0,False,2.781
39,6,чёрный кофе,1,Бариста сэт,ml,400,551,551,,False,False,True,0,False,1.377
40,6,чёрный кофе,2,Фильтр кофе,ml,300,297,297,,True,False,True,0,False,0.99
41,6,чёрный кофе,3,Воронка V60,ml,250,297,297,,False,False,True,0,False,1.188
42,6,чёрный кофе,4,Американо,ml,300,239,239,,False,False,True,0,False,0.797
43,6,чёрный кофе,5,Эспрессо,ml,60,189,189,,False,False,True,0,False,3.15
44,6,с молоком,1,Капучино,ml,300,339,339,,True,False,True,1,False,1.13
45,6,с молоком,2,Кофе Тюр,ml,300,412,412,,True,False,True,0,False,1.373
46,6,с молоком,3,Флет вайт,ml,180,259,259,,False,False,True,0,False,1.439
47,6,с молоком,4,Латте,ml,300,259,259,,False,False,True,1,False,0.863
48,6,с молоком,5,Латте с халвой и розовым перцем,ml,300,311,311,,False,False,True,0,False,1.037
49,6,с молоком,6,Латте сырный с солёной карамелью,ml,300,311,311,,False,False,True,0,False,1.037
50,6,с молоком,7,Раф классический,ml,300,359,359,,True,False,False,0,False,1.197
51,6,с молоком,8,"Раф ""Черри-кола""",ml,300,359,359,,True,False,False,0,False,1.197
52,7,холодный кофе,1,Айс латте,ml,400,259,259,,False,False,True,1,False,0.647
53,7,холодный кофе,2,Эспрессо тоник грейпфрут,ml,400,283,283,,False,False,True,0,False,0.708
54,7,не кофе,1,Матча-латте,ml,300,307,307,,True,False,True,1,False,1.023
55,7,не кофе,2,Премиум какао,ml,300,343,343,,False,False,True,0,False,1.143
56,7,не кофе,3,Горячий шоколад,ml,300,291,291,,False,False,True,0,False,0.97
57,7,лимонады,1,Мандариньо,ml,400,283,283,,False,False,True,0,False,0.708
58,7,лимонады,2,Киви-апельсин,ml,400,283,283,,False,False,True,0,False,0.708
59,7,шейки,1,Классический шейк,ml,400,303,303,,False,False,True,0,False,0.757
60,7,шейки,2,Милкшейк кофе-халва,ml,400,331,331,,False,True,True,0,False,0.828
61,7,шейки,3,Киви-киви,ml,400,331,331,,False,False,True,0,False,0.828
62,7,шейки,4,Банан-маракуйя,ml,400,331,331,,False,True,True,0,False,0.828
63,8,чай,1,Облепиховый с цитрусами,ml,500,362,362,,False,False,True,0,False,0.724
64,8,чай,2,Тибетский чай,ml,500,362,362,,False,False,True,0,False,0.724
65,8,чай,3,Чай (чёрный/зелёный/травяной/улун/каркаде),ml,500,221,221,,False,False,False,0,False,0.442
